,date,date_utc,open,high,low,close,volume
0,02-22-2023,1677076200,197.93,199.9,196.7,198.35,17070198
1,02-22-2023,1677077100,198.39,200.87,195.76,195.89,13377669
2,02-22-2023,1677078000,195.9,196.37,192.06,193.17,13606238
3,02-22-2023,1677078900,193.19,194.67,191.78,193.38,11136614
4,02-22-2023,1677079800,193.35,194.2,192.01,193.99,8527829
5,02-22-2023,1677080700,193.96,195.29,193.72,195.05,6999855
6,02-22-2023,1677081600,195.05,195.58,193.73,193.94,5907630
7,02-22-2023,1677082500,193.95,195.45,193.55,194.88,5049791
8,02-22-2023,1677083400,194.89,196.64,194.71,195.95,6481912
9,02-22-2023,1677084300,195.96,197.63,195.46,197.57,5696234
10,02-22-2023,1677085200,197.57,198.01,196.83,197.11,5461019
11,02-22-2023,1677086100,197.14,198.35,196.96,197.61,5135199
12,02-22-2023,1677087000,197.62,199.86,197.61,199.64,5501921
13,02-22-2023,1677087900,199.65,199.99,198.35,198.41,5312243
14,02-22-2023,1677088800,198.41,199.04,197.51,198.34,4920859
15,02-22-2023,1677089700,198.35,199.93,198.08,199.68,4298943
16,02-22-2023,1677090600,199.67,200.48,199.01,199.93,5099433
17,02-22-2023,1677091500,199.94,200.04,198.17,198.94,4663257
18,02-22-2023,1677092400,199.0,201.99,197.31,198.95,11312283
19,02-22-2023,1677093300,198.92,199.66,196.82,198.64,7664272
20,02-22-2023,1677094200,198.65,198.85,197.37,198.14,5255628
21,02-22-2023,1677095100,198.15,199.92,197.79,198.07,6274601
22,02-22-2023,1677096000,198.08,199.5,197.8,199.26,4512271
23,02-22-2023,1677096900,199.24,200.84,199.1,199.81,6098639
24,02-22-2023,1677097800,199.8,200.61,198.69,199.25,5430450
25,02-22-2023,1677098700,199.26,201.0,198.95,200.86,6850917
26,02-23-2023,1677162600,203.91,205.14,202.56,203.39,15813082
27,02-23-2023,1677163500,203.42,204.6,201.5,201.71,8412298
28,02-23-2023,1677164400,201.73,202.53,198.42,199.74,10091821
29,02-23-2023,1677165300,199.76,201.37,198.57,200.91,7654995
30,02-23-2023,1677166200,200.9,201.34,199.53,199.96,5857680
31,02-23-2023,1677167100,199.93,200.12,197.36,198.06,6927012
32,02-23-2023,1677168000,198.05,198.93,196.72,197.06,5471379
33,02-23-2023,1677168900,197.07,197.76,196.51,197.52,4452225
34,02-23-2023,1677169800,197.54,198.3,196.33,196.72,4271294
35,02-23-2023,1677170700,196.71,197.81,196.61,196.77,3581397
36,02-23-2023,1677171600,196.79,198.05,196.56,197.97,3204521
37,02-23-2023,1677172500,197.95,199.58,197.81,199.36,4665167
38,02-23-2023,1677173400,199.38,200.0,198.81,199.85,4401814
39,02-23-2023,1677174300,199.87,199.9,198.94,199.46,3433040
40,02-23-2023,1677175200,199.49,200.19,198.13,198.47,4073263
41,02-23-2023,1677176100,198.43,199.18,197.74,199.18,3133167
42,02-23-2023,1677177000,199.15,200.04,198.8,199.67,3434765
43,02-23-2023,1677177900,199.67,200.83,199.6,200.35,4711116
44,02-23-2023,1677178800,200.37,202.75,200.13,202.38,5924661
45,02-23-2023,1677179700,202.4,203.0,202.1,202.27,5610663
46,02-23-2023,1677180600,202.3,203.28,201.63,201.81,5381563
47,02-23-2023,1677181500,201.81,202.13,200.91,201.29,3905823
48,02-23-2023,1677182400,201.31,202.1,200.89,201.54,4485981
49,02-23-2023,1677183300,201.55,202.89,201.44,202.83,4380000
50,02-23-2023,1677184200,202.86,203.14,202.2,202.6,4537738
51,02-23-2023,1677185100,202.6,202.6,201.39,201.99,5854811
52,02-24-2023,1677249000,196.32,197.44,194.41,194.52,17283802
53,02-24-2023,1677249900,194.5,195.43,193.34,194.52,10528384
54,02-24-2023,1677250800,194.5,195.11,193.51,193.79,6925306
55,02-24-2023,1677251700,193.77,194.5,192.8,194.17,7086740
56,02-24-2023,1677252600,194.17,195.26,193.75,195.12,6150724
57,02-24-2023,1677253500,195.11,195.67,193.85,194.03,5964463
58,02-24-2023,1677254400,194.08,195.35,193.58,194.93,4939395
59,02-24-2023,1677255300,194.92,195.99,194.67,195.42,5333932
60,02-24-2023,1677256200,195.41,196.32,195.18,196.1,5139543
61,02-24-2023,1677257100,196.11,197.67,196.05,197.05,6252423
62,02-24-2023,1677258000,197.05,197.33,196.03,196.69,3830208
63,02-24-2023,1677258900,196.73,196.89,195.37,195.93,3991389
64,02-24-2023,1677259800,195.95,196.42,195.36,195.61,3162190
65,02-24-2023,1677260700,195.57,195.6,194.75,195.01,3441172
66,02-24-2023,1677261600,195.04,195.14,194.0,194.69,3901565
67,02-24-2023,1677262500,194.68,195.86,194.64,195.52,3700441
68,02-24-2023,1677263400,195.54,196.41,195.03,196.04,3924968
69,02-24-2023,1677264300,196.06,196.32,195.39,195.63,2788746
70,02-24-2023,1677265200,195.65,196.65,195.33,195.75,3756802
71,02-24-2023,1677266100,195.76,196.3,195.52,195.73,3375893
72,02-24-2023,1677267000,195.74,195.85,194.79,194.98,3449022
73,02-24-2023,1677267900,194.98,196.94,194.88,196.84,4685065
74,02-24-2023,1677268800,196.85,197.34,196.45,196.74,4786998
75,02-24-2023,1677269700,196.74,197.28,196.09,196.2,4415464
76,02-24-2023,1677270600,196.2,196.49,195.91,196.2,4204929
77,02-24-2023,1677271500,196.19,197.15,195.66,196.86,6230114
78,02-27-2023,1677508200,202.03,205.3,201.26,204.53,19587758
79,02-27-2023,1677509100,204.55,206.03,204.16,205.92,10266207
80,02-27-2023,1677510000,205.91,208.22,205.44,207.34,11319703
81,02-27-2023,1677510900,207.35,207.84,206.67,207.03,7110011
82,02-27-2023,1677511800,207.01,207.43,205.35,206.11,7629743
83,02-27-2023,1677512700,206.12,207.0,204.22,205.24,8030656
84,02-27-2023,1677513600,205.22,205.99,204.84,205.01,5053281
85,02-27-2023,1677514500,205.01,205.58,204.55,205.55,4425514
86,02-27-2023,1677515400,205.54,206.01,204.3,205.05,5319128
87,02-27-2023,1677516300,205.09,206.37,204.95,205.83,4373387
88,02-27-2023,1677517200,205.83,205.99,204.74,205.31,3865784
89,02-27-2023,1677518100,205.34,205.62,204.6,205.34,3260767
90,02-27-2023,1677519000,205.33,205.91,205.2,205.56,2937144
91,02-27-2023,1677519900,205.61,207.12,205.51,206.91,4312307
92,02-27-2023,1677520800,206.91,207.5,206.31,207.28,4409970
93,02-27-2023,1677521700,207.27,207.61,206.93,207.16,3982018
94,02-27-2023,1677522600,207.17,207.5,206.56,206.77,3268898
95,02-27-2023,1677523500,206.78,208.07,206.67,207.99,4316649
96,02-27-2023,1677524400,208.0,209.05,207.97,208.71,6615084
97,02-27-2023,1677525300,208.71,209.42,208.32,209.12,5538792
98,02-27-2023,1677526200,209.13,209.18,207.67,208.17,5257927
99,02-27-2023,1677527100,208.14,208.45,207.24,208.18,4862709
100,02-27-2023,1677528000,208.18,208.45,207.48,208.24,4200445
101,02-27-2023,1677528900,208.22,208.39,207.63,208.07,4207115
102,02-27-2023,1677529800,208.07,208.14,206.35,206.59,5175607
103,02-27-2023,1677530700,206.59,207.84,206.51,207.66,6985839
104,02-28-2023,1677594600,210.59,211.23,208.0,208.59,18827743
105,02-28-2023,1677595500,208.6,209.57,206.43,207.79,10740394
106,02-28-2023,1677596400,207.77,208.43,206.57,206.97,8150638
107,02-28-2023,1677597300,206.95,207.15,204.82,205.13,9241572
108,02-28-2023,1677598200,205.12,206.19,204.71,205.61,6919364
109,02-28-2023,1677599100,205.59,206.05,203.75,204.73,7385748
110,02-28-2023,1677600000,204.73,206.15,204.56,205.8,5336084
111,02-28-2023,1677600900,205.81,206.33,204.88,205.28,4445179
112,02-28-2023,1677601800,205.24,206.16,204.86,205.22,4025146
113,02-28-2023,1677602700,205.25,206.12,204.98,205.97,3652279
114,02-28-2023,1677603600,205.98,206.8,205.87,206.54,4043939
115,02-28-2023,1677604500,206.58,207.84,206.26,207.79,4935195
116,02-28-2023,1677605400,207.83,207.88,206.62,206.73,4157582
117,02-28-2023,1677606300,206.74,207.69,206.31,207.16,3749877
118,02-28-2023,1677607200,207.18,207.56,206.66,206.92,3247223
119,02-28-2023,1677608100,206.92,207.36,206.6,207.22,2793879
120,02-28-2023,1677609000,207.22,208.23,206.86,208.09,4336315
121,02-28-2023,1677609900,208.09,208.52,207.71,208.18,3720568
122,02-28-2023,1677610800,208.19,209.28,208.06,209.19,5264663
123,02-28-2023,1677611700,209.18,209.41,208.18,208.26,3913217
124,02-28-2023,1677612600,208.26,208.54,207.65,208.2,3959365
125,02-28-2023,1677613500,208.19,208.96,207.87,207.92,4538153
126,02-28-2023,1677614400,207.92,208.14,206.38,206.57,4776956
127,02-28-2023,1677615300,206.59,206.95,205.11,205.36,5394015
128,02-28-2023,1677616200,205.39,206.09,204.91,205.94,5088456
129,02-28-2023,1677617100,205.92,206.69,205.4,205.72,6167284
130,03-01-2023,1677681000,206.21,207.2,202.02,202.83,16121769
131,03-01-2023,1677681900,202.85,203.74,201.83,202.73,8751882
132,03-01-2023,1677682800,202.78,203.06,198.52,199.82,12676715
133,03-01-2023,1677683700,199.83,201.18,199.35,200.14,8987711
134,03-01-2023,1677684600,200.14,201.77,199.4,201.39,7599357
135,03-01-2023,1677685500,201.38,201.92,200.44,201.53,5415996
136,03-01-2023,1677686400,201.51,201.52,199.89,200.28,5255853
137,03-01-2023,1677687300,200.28,200.8,199.55,199.88,4636031
138,03-01-2023,1677688200,199.89,200.28,198.77,200.03,5456472
139,03-01-2023,1677689100,200.03,201.29,200.01,200.74,4540424
140,03-01-2023,1677690000,200.75,201.67,200.58,201.01,3962179
141,03-01-2023,1677690900,201.0,202.38,200.93,201.95,4166848
142,03-01-2023,1677691800,201.97,202.6,201.45,202.48,3649444
143,03-01-2023,1677692700,202.49,202.86,201.92,202.24,3616366
144,03-01-2023,1677693600,202.23,202.37,201.02,201.48,3411896
145,03-01-2023,1677694500,201.47,201.68,200.94,201.0,3115754
146,03-01-2023,1677695400,201.0,201.57,200.7,201.2,3155434
147,03-01-2023,1677696300,201.17,202.07,200.83,201.7,3201536
148,03-01-2023,1677697200,201.67,202.56,201.45,202.32,3516343
149,03-01-2023,1677698100,202.34,202.52,201.74,201.88,3345172
150,03-01-2023,1677699000,201.88,202.24,201.25,202.13,3448794
151,03-01-2023,1677699900,202.12,202.5,201.82,202.26,3519865
152,03-01-2023,1677700800,202.25,203.39,202.13,203.02,5497522
153,03-01-2023,1677701700,203.02,203.42,202.02,202.46,4679901
154,03-01-2023,1677702600,202.44,203.23,202.22,202.89,4559391
155,03-01-2023,1677703500,202.89,203.37,202.61,202.75,5372889
156,03-02-2023,1677767400,187.0,189.7,186.1,189.64,29762272
157,03-02-2023,1677768300,189.63,191.55,188.42,190.96,13928785
158,03-02-2023,1677769200,190.97,193.17,190.87,192.76,12626405
159,03-02-2023,1677770100,192.76,193.75,190.0,191.23,11195026
160,03-02-2023,1677771000,191.28,192.99,191.16,192.18,8217140
161,03-02-2023,1677771900,192.16,192.25,190.85,191.45,5916415
162,03-02-2023,1677772800,191.45,191.48,188.66,188.81,8396594
163,03-02-2023,1677773700,188.81,190.22,188.55,188.57,5828927
164,03-02-2023,1677774600,188.59,190.19,188.54,189.18,5377822
165,03-02-2023,1677775500,189.18,189.66,188.0,188.88,5566410
166,03-02-2023,1677776400,188.89,189.53,188.43,188.61,4278577
167,03-02-2023,1677777300,188.57,190.25,188.57,189.46,4469698
168,03-02-2023,1677778200,189.47,190.65,189.25,189.56,4605012
169,03-02-2023,1677779100,189.55,190.07,188.94,189.59,3833426
170,03-02-2023,1677780000,189.59,190.45,189.32,190.06,3960848
171,03-02-2023,1677780900,190.09,190.39,189.53,189.79,3166015
172,03-02-2023,1677781800,189.77,191.6,189.42,189.64,6330739
173,03-02-2023,1677782700,189.65,190.47,189.25,190.29,4722671
174,03-02-2023,1677783600,190.29,191.06,190.05,190.27,4505029
175,03-02-2023,1677784500,190.31,190.59,189.71,190.33,3385524
176,03-02-2023,1677785400,190.36,190.84,189.51,189.6,3913321
177,03-02-2023,1677786300,189.61,190.15,189.0,189.32,4435816
178,03-02-2023,1677787200,189.31,189.93,188.8,189.69,4399627
179,03-02-2023,1677788100,189.68,190.25,189.05,189.92,3968578
180,03-02-2023,1677789000,189.89,191.5,189.72,191.09,5696084
181,03-02-2023,1677789900,191.07,191.3,190.46,190.87,5377622
182,03-03-2023,1677853800,194.79,194.99,192.88,194.69,17745937
183,03-03-2023,1677854700,194.66,197.11,194.58,196.47,12590814
184,03-03-2023,1677855600,196.45,196.73,195.12,196.44,8336960
185,03-03-2023,1677856500,196.42,197.25,195.65,197.21,6762982
186,03-03-2023,1677857400,197.24,197.76,196.33,197.05,7299659
187,03-03-2023,1677858300,197.04,197.43,195.81,196.18,5761514
188,03-03-2023,1677859200,196.19,196.59,195.48,196.17,4689141
189,03-03-2023,1677860100,196.22,197.3,196.2,197.1,4853858
190,03-03-2023,1677861000,197.11,197.71,196.8,197.2,4367625
191,03-03-2023,1677861900,197.2,198.57,197.11,198.29,5930463
192,03-03-2023,1677862800,198.32,199.3,198.05,198.82,5534575
193,03-03-2023,1677863700,198.82,199.4,198.7,199.27,4102702
194,03-03-2023,1677864600,199.28,199.65,198.43,199.18,4699994
195,03-03-2023,1677865500,199.17,200.22,199.07,199.78,5509395
196,03-03-2023,1677866400,199.76,200.48,199.6,200.31,4701102
197,03-03-2023,1677867300,200.31,200.45,199.34,199.63,4566612
198,03-03-2023,1677868200,199.63,199.77,198.93,199.13,4043671
199,03-03-2023,1677869100,199.16,199.73,199.03,199.52,3090516
200,03-03-2023,1677870000,199.53,200.33,199.18,200.29,3868169
201,03-03-2023,1677870900,200.31,200.37,199.68,200.05,3319673
202,03-03-2023,1677871800,200.05,200.17,199.26,199.47,3133868
203,03-03-2023,1677872700,199.48,199.95,199.15,199.82,3083787
204,03-03-2023,1677873600,199.82,200.11,199.23,199.28,3588316
205,03-03-2023,1677874500,199.29,199.37,198.69,198.93,4180013
206,03-03-2023,1677875400,198.91,199.1,197.74,197.96,5528809
207,03-03-2023,1677876300,197.94,198.17,196.81,197.86,8309473
208,03-06-2023,1678113000,198.54,198.6,195.6,197.19,14988430
209,03-06-2023,1678113900,197.21,197.5,195.31,196.1,8281472
210,03-06-2023,1678114800,196.1,196.1,194.46,195.3,7722342
211,03-06-2023,1678115700,195.3,196.87,195.29,196.05,7057397
212,03-06-2023,1678116600,196.05,197.07,195.25,196.89,6250069
213,03-06-2023,1678117500,196.89,196.96,195.82,196.12,4496433
214,03-06-2023,1678118400,196.15,196.62,195.76,195.98,3878641
215,03-06-2023,1678119300,195.95,196.15,195.29,195.67,3969733
216,03-06-2023,1678120200,195.64,196.03,195.2,195.3,3295642
217,03-06-2023,1678121100,195.3,195.85,194.94,195.76,3265046
218,03-06-2023,1678122000,195.79,196.07,195.12,195.5,3142023
219,03-06-2023,1678122900,195.5,195.52,194.74,195.0,3207497
220,03-06-2023,1678123800,195.01,195.03,193.6,193.64,4465400
221,03-06-2023,1678124700,193.65,193.73,192.3,193.4,6580376
222,03-06-2023,1678125600,193.4,193.79,192.82,193.21,4116676
223,03-06-2023,1678126500,193.22,194.47,193.12,194.26,3934719
224,03-06-2023,1678127400,194.3,194.4,193.24,193.84,3386902
225,03-06-2023,1678128300,193.85,194.31,193.47,193.89,2753162
226,03-06-2023,1678129200,193.88,195.12,193.58,194.96,3781637
227,03-06-2023,1678130100,194.95,194.97,194.11,194.55,3398887
228,03-06-2023,1678131000,194.54,195.3,194.48,195.18,3538813
229,03-06-2023,1678131900,195.19,195.24,194.52,194.77,3496802
230,03-06-2023,1678132800,194.78,195.5,194.53,194.94,4087390
231,03-06-2023,1678133700,194.9,195.0,194.21,194.32,3475731
232,03-06-2023,1678134600,194.32,195.06,194.06,194.93,3560869
233,03-06-2023,1678135500,194.93,195.15,193.65,193.83,5163897
234,03-07-2023,1678199400,191.38,192.39,190.32,191.03,11680328
235,03-07-2023,1678200300,191.0,191.75,190.01,190.06,6407957
236,03-07-2023,1678201200,190.05,190.05,186.1,188.15,14107825
237,03-07-2023,1678202100,188.15,188.98,187.25,188.96,8141748
238,03-07-2023,1678203000,188.95,191.44,188.57,190.29,10013228
239,03-07-2023,1678203900,190.28,190.83,188.9,188.96,6697389
240,03-07-2023,1678204800,188.97,190.25,188.62,189.85,5507616
241,03-07-2023,1678205700,189.85,190.35,189.02,189.04,4682895
242,03-07-2023,1678206600,189.05,190.05,188.95,189.89,4054837
243,03-07-2023,1678207500,189.87,190.08,189.15,189.22,3273298
244,03-07-2023,1678208400,189.23,190.18,189.08,189.63,3016956
245,03-07-2023,1678209300,189.6,192.48,189.47,191.96,6419605
246,03-07-2023,1678210200,191.96,192.81,191.69,192.68,4979760
247,03-07-2023,1678211100,192.67,194.2,192.63,193.4,6319477
248,03-07-2023,1678212000,193.38,193.68,192.28,192.46,4221554
249,03-07-2023,1678212900,192.44,192.68,191.93,192.38,3476025
250,03-07-2023,1678213800,192.35,192.9,190.8,190.88,3950673
251,03-07-2023,1678214700,190.87,191.13,190.41,190.95,3678174
252,03-07-2023,1678215600,190.97,191.44,190.66,191.21,2873910
253,03-07-2023,1678216500,191.19,191.57,189.52,189.64,4328255
254,03-07-2023,1678217400,189.65,189.98,189.15,189.29,3525808
255,03-07-2023,1678218300,189.3,189.98,188.42,189.07,4388144
256,03-07-2023,1678219200,189.05,189.86,188.94,189.57,4019444
257,03-07-2023,1678220100,189.58,190.19,188.54,188.63,4190255
258,03-07-2023,1678221000,188.63,189.63,188.3,189.31,4351675
259,03-07-2023,1678221900,189.32,189.33,187.44,187.68,6358085
260,03-08-2023,1678285800,185.04,186.5,182.36,182.38,18353447
261,03-08-2023,1678286700,182.36,182.87,180.66,181.43,12444485
262,03-08-2023,1678287600,181.44,182.2,180.0,181.02,11625200
263,03-08-2023,1678288500,180.97,182.69,180.26,181.86,8554722
264,03-08-2023,1678289400,181.86,182.6,180.92,181.48,6874098
265,03-08-2023,1678290300,181.51,182.68,180.76,182.39,6574722
266,03-08-2023,1678291200,182.75,183.3,182.06,182.66,5940251
267,03-08-2023,1678292100,182.68,182.9,181.65,181.81,4786202
268,03-08-2023,1678293000,181.83,181.9,180.77,181.52,5173879
269,03-08-2023,1678293900,181.52,182.35,181.35,181.92,4011663
270,03-08-2023,1678294800,181.94,182.54,181.52,182.04,3754544
271,03-08-2023,1678295700,182.02,182.22,181.09,181.26,2758247
272,03-08-2023,1678296600,181.27,181.59,180.79,181.08,3166541
273,03-08-2023,1678297500,181.07,181.4,180.32,180.72,4006917
274,03-08-2023,1678298400,180.72,181.13,180.0,180.76,4937998
275,03-08-2023,1678299300,180.74,180.97,180.27,180.38,2738848
276,03-08-2023,1678300200,180.4,181.36,180.22,180.59,3796659
277,03-08-2023,1678301100,180.56,181.16,180.34,180.64,3036529
278,03-08-2023,1678302000,180.68,182.18,180.61,181.71,4979825
279,03-08-2023,1678302900,181.72,182.07,181.33,182.04,3619808
280,03-08-2023,1678303800,182.02,182.58,181.43,181.97,4334923
281,03-08-2023,1678304700,181.96,182.25,181.64,181.96,3317571
282,03-08-2023,1678305600,181.94,182.12,180.75,180.84,4270572
283,03-08-2023,1678306500,180.82,181.08,180.15,180.51,4691846
284,03-08-2023,1678307400,180.51,182.12,180.49,182.02,5288023
285,03-08-2023,1678308300,182.04,182.39,181.55,182.05,6334449
286,03-09-2023,1678372200,180.25,183.99,180.0,183.82,18908193
287,03-09-2023,1678373100,183.83,185.18,183.05,183.44,10880624
288,03-09-2023,1678374000,183.44,183.87,181.33,181.71,9850725
289,03-09-2023,1678374900,181.69,182.08,180.71,182.05,7879864
290,03-09-2023,1678375800,182.08,183.24,181.88,183.07,6368348
291,03-09-2023,1678376700,183.07,183.25,181.31,181.34,4948037
292,03-09-2023,1678377600,181.33,181.71,180.96,181.53,4225046
293,03-09-2023,1678378500,181.55,181.93,180.73,180.98,4258113
294,03-09-2023,1678379400,180.97,181.74,180.95,181.31,3756103
295,03-09-2023,1678380300,181.3,181.86,180.8,181.03,3784248
296,03-09-2023,1678381200,181.04,181.17,179.13,179.47,6881681
297,03-09-2023,1678382100,179.46,180.1,179.02,180.0,4050360
298,03-09-2023,1678383000,180.0,180.44,179.01,179.05,4595632
299,03-09-2023,1678383900,179.05,179.1,177.82,178.43,5526259
300,03-09-2023,1678384800,178.44,179.35,178.16,178.23,4113719
301,03-09-2023,1678385700,178.23,178.87,177.61,178.02,4241023
302,03-09-2023,1678386600,178.03,178.08,176.47,177.35,5816858
303,03-09-2023,1678387500,177.34,177.39,176.35,176.76,4258697
304,03-09-2023,1678388400,176.75,176.91,175.51,176.36,5733031
305,03-09-2023,1678389300,176.35,177.55,176.11,176.99,4679215
306,03-09-2023,1678390200,176.99,177.38,176.17,177.04,4158226
307,03-09-2023,1678391100,177.03,177.21,175.81,175.96,4076162
308,03-09-2023,1678392000,175.97,176.26,175.14,175.31,4911483
309,03-09-2023,1678392900,175.32,175.32,173.02,173.67,9717029
310,03-09-2023,1678393800,173.66,174.83,173.47,173.87,6619228
311,03-09-2023,1678394700,173.91,174.12,172.51,172.84,9161364
312,03-10-2023,1678458600,175.13,176.0,169.25,170.15,23352671
313,03-10-2023,1678459500,170.17,173.79,168.44,172.58,14052180
314,03-10-2023,1678460400,172.57,175.33,172.42,174.45,11223748
315,03-10-2023,1678461300,174.48,175.45,171.9,174.02,10670532
316,03-10-2023,1678462200,174.03,176.44,173.7,174.1,10492788
317,03-10-2023,1678463100,174.08,177.08,173.81,176.85,8680748
318,03-10-2023,1678464000,176.85,177.6,175.85,176.5,7870752
319,03-10-2023,1678464900,176.47,177.5,175.62,177.41,6567556
320,03-10-2023,1678465800,177.41,178.29,176.72,176.98,7033194
321,03-10-2023,1678466700,177.0,177.16,175.4,175.85,6279455
322,03-10-2023,1678467600,175.9,176.45,174.45,175.1,5816142
323,03-10-2023,1678468500,175.07,175.42,174.61,175.23,3907352
324,03-10-2023,1678469400,175.25,176.77,175.11,175.5,5262752
325,03-10-2023,1678470300,175.5,176.09,173.75,173.95,4891718
326,03-10-2023,1678471200,173.93,174.85,173.54,174.52,4389182
327,03-10-2023,1678472100,174.54,174.83,173.44,173.8,4879254
328,03-10-2023,1678473000,173.8,173.94,172.2,172.59,5419869
329,03-10-2023,1678473900,172.58,172.95,171.77,172.77,5523530
330,03-10-2023,1678474800,172.77,174.68,172.74,173.9,6085091
331,03-10-2023,1678475700,173.9,174.38,172.86,172.96,4251165
332,03-10-2023,1678476600,172.96,174.65,172.94,173.86,4475729
333,03-10-2023,1678477500,173.89,175.5,173.88,174.62,5391674
334,03-10-2023,1678478400,174.65,175.16,174.06,174.48,5469286
335,03-10-2023,1678479300,174.49,175.12,173.7,174.51,4250014
336,03-10-2023,1678480200,174.52,174.63,172.51,172.84,4885048
337,03-10-2023,1678481100,172.86,173.72,172.43,173.5,6151467
338,03-13-2023,1678714200,167.46,168.85,163.91,165.13,22198214
339,03-13-2023,1678715100,165.12,170.2,164.8,169.34,12594092
340,03-13-2023,1678716000,169.28,171.11,168.58,169.4,8601733
341,03-13-2023,1678716900,169.43,170.76,168.6,168.91,6120887
342,03-13-2023,1678717800,168.96,170.63,168.52,169.83,7791334
343,03-13-2023,1678718700,169.89,170.2,167.75,169.8,8105168
344,03-13-2023,1678719600,169.81,171.05,169.23,170.55,5281916
345,03-13-2023,1678720500,170.55,172.87,170.49,172.73,7904258
346,03-13-2023,1678721400,172.68,172.93,171.12,171.78,5652152
347,03-13-2023,1678722300,171.84,172.74,170.96,172.3,4778272
348,03-13-2023,1678723200,172.28,174.15,172.11,173.72,5806257
349,03-13-2023,1678724100,173.74,174.5,172.78,173.33,5948642
350,03-13-2023,1678725000,173.36,174.44,172.67,173.94,4086787
351,03-13-2023,1678725900,173.91,174.45,171.46,171.99,5001694
352,03-13-2023,1678726800,171.99,172.48,170.95,172.16,4153954
353,03-13-2023,1678727700,172.13,173.44,171.68,173.18,3624384
354,03-13-2023,1678728600,173.18,174.17,172.8,173.67,4041702
355,03-13-2023,1678729500,173.63,174.19,172.89,174.07,3374556
356,03-13-2023,1678730400,174.08,175.0,173.82,174.88,4926032
357,03-13-2023,1678731300,174.9,176.44,174.85,176.26,5987603
358,03-13-2023,1678732200,176.27,177.35,175.87,176.54,5589568
359,03-13-2023,1678733100,176.56,176.78,175.96,176.51,3390797
360,03-13-2023,1678734000,176.5,176.68,174.82,175.27,5059674
361,03-13-2023,1678734900,175.26,175.46,173.75,174.27,4624707
362,03-13-2023,1678735800,174.27,175.98,174.16,175.37,4900312
363,03-13-2023,1678736700,175.37,175.58,174.33,174.48,4852103
364,03-14-2023,1678800600,177.31,182.18,177.14,181.06,19100670
365,03-14-2023,1678801500,181.06,181.99,179.08,180.54,9584196
366,03-14-2023,1678802400,180.54,180.87,178.98,180.57,8150256
367,03-14-2023,1678803300,180.57,181.65,179.9,181.49,6736085
368,03-14-2023,1678804200,181.5,181.58,179.63,179.96,5540886
369,03-14-2023,1678805100,179.96,180.68,179.09,179.2,4233947
370,03-14-2023,1678806000,179.19,180.85,179.18,180.5,4159958
371,03-14-2023,1678806900,180.51,181.28,180.34,180.52,3848505
372,03-14-2023,1678807800,180.51,181.77,180.49,181.55,4179879
373,03-14-2023,1678808700,181.56,181.76,180.74,181.52,3610743
374,03-14-2023,1678809600,181.54,182.0,180.95,181.85,4478312
375,03-14-2023,1678810500,181.85,181.92,181.07,181.61,3288515
376,03-14-2023,1678811400,181.62,183.51,181.51,182.77,6727056
377,03-14-2023,1678812300,182.76,183.44,182.54,182.89,4235246
378,03-14-2023,1678813200,182.9,183.8,182.18,182.31,5322719
379,03-14-2023,1678814100,182.31,182.96,181.41,182.57,5030834
380,03-14-2023,1678815000,182.61,183.19,182.02,182.12,3689749
381,03-14-2023,1678815900,182.12,182.86,181.8,182.2,3604736
382,03-14-2023,1678816800,182.2,182.49,181.1,181.76,4190643
383,03-14-2023,1678817700,181.76,181.76,180.64,181.45,4102564
384,03-14-2023,1678818600,181.45,182.13,181.23,181.86,3177332
385,03-14-2023,1678819500,181.86,182.44,181.06,181.23,3016911
386,03-14-2023,1678820400,181.24,181.75,180.1,180.19,3958131
387,03-14-2023,1678821300,180.19,180.94,179.95,180.37,3910310
388,03-14-2023,1678822200,180.35,181.22,180.15,181.1,3365023
389,03-14-2023,1678823100,181.12,183.45,181.01,183.32,7023152
390,03-15-2023,1678887000,180.8,182.34,178.74,181.72,18538074
391,03-15-2023,1678887900,181.76,182.05,179.4,179.98,7772743
392,03-15-2023,1678888800,179.98,182.19,179.66,180.94,7432869
393,03-15-2023,1678889700,180.96,181.59,179.94,180.24,5549199
394,03-15-2023,1678890600,180.17,180.64,178.58,178.96,6553678
395,03-15-2023,1678891500,178.99,179.58,177.8,179.48,6489478
396,03-15-2023,1678892400,179.46,180.28,178.52,180.1,5450319
397,03-15-2023,1678893300,180.11,180.56,179.49,179.58,4676902
398,03-15-2023,1678894200,179.57,179.92,178.33,179.45,5288972
399,03-15-2023,1678895100,179.45,180.57,179.33,179.53,4499122
400,03-15-2023,1678896000,179.55,179.98,178.47,178.66,3746239
401,03-15-2023,1678896900,178.65,179.12,177.96,178.56,3999123
402,03-15-2023,1678897800,178.52,178.65,177.28,177.82,3908200
403,03-15-2023,1678898700,177.8,178.05,176.58,176.65,4498587
404,03-15-2023,1678899600,176.64,177.89,176.03,177.7,4890418
405,03-15-2023,1678900500,177.71,178.82,177.52,178.45,4477633
406,03-15-2023,1678901400,178.42,178.45,177.03,177.38,3614325
407,03-15-2023,1678902300,177.39,178.16,176.86,177.92,3505017
408,03-15-2023,1678903200,177.93,178.04,176.92,176.96,2955522
409,03-15-2023,1678904100,176.96,179.22,176.45,179.04,5314979
410,03-15-2023,1678905000,179.06,179.45,178.58,178.97,4636577
411,03-15-2023,1678905900,179.0,180.09,178.18,179.93,4731114
412,03-15-2023,1678906800,179.94,180.68,179.31,179.57,5277803
413,03-15-2023,1678907700,179.55,180.54,179.15,180.51,3910857
414,03-15-2023,1678908600,180.5,180.88,179.38,180.07,4439928
415,03-15-2023,1678909500,180.08,180.58,178.75,180.55,5557780
416,03-16-2023,1678973400,180.37,181.35,178.84,180.15,10111966
417,03-16-2023,1678974300,180.15,182.48,178.88,182.2,9437621
418,03-16-2023,1678975200,182.24,182.4,180.27,180.81,7016565
419,03-16-2023,1678976100,180.82,180.97,179.53,180.37,5909349
420,03-16-2023,1678977000,180.37,181.11,179.81,180.94,4810832
421,03-16-2023,1678977900,180.94,182.2,180.76,181.95,5742000
422,03-16-2023,1678978800,181.98,182.2,180.88,181.79,4497235
423,03-16-2023,1678979700,181.77,183.93,181.73,183.84,6655547
424,03-16-2023,1678980600,183.8,184.03,183.15,183.71,4538721
425,03-16-2023,1678981500,183.75,185.42,183.12,185.04,6309645
426,03-16-2023,1678982400,185.06,185.18,183.9,184.3,4493682
427,03-16-2023,1678983300,184.3,184.69,183.92,184.49,2951755
428,03-16-2023,1678984200,184.45,184.59,183.58,184.34,3474945
429,03-16-2023,1678985100,184.34,185.36,184.05,185.35,4160512
430,03-16-2023,1678986000,185.34,185.81,185.12,185.17,3500255
431,03-16-2023,1678986900,185.18,185.27,184.51,184.91,2991901
432,03-16-2023,1678987800,184.92,185.26,184.05,184.32,3494779
433,03-16-2023,1678988700,184.33,184.76,183.72,184.42,2785341
434,03-16-2023,1678989600,184.41,184.48,183.72,183.82,2667625
435,03-16-2023,1678990500,183.81,184.74,183.66,184.69,2773526
436,03-16-2023,1678991400,184.69,184.71,183.85,184.43,2819114
437,03-16-2023,1678992300,184.43,185.09,184.27,184.92,2797497
438,03-16-2023,1678993200,184.93,185.3,184.71,184.79,3209821
439,03-16-2023,1678994100,184.8,185.39,184.65,185.04,2593055
440,03-16-2023,1678995000,185.04,185.15,183.77,184.42,3777124
441,03-16-2023,1678995900,184.41,184.42,183.77,184.09,4448372
442,03-17-2023,1679059800,184.51,186.22,182.71,183.37,13745557
443,03-17-2023,1679060700,183.36,183.99,182.31,183.91,5848914
444,03-17-2023,1679061600,183.91,184.9,182.75,182.95,6446892
445,03-17-2023,1679062500,182.95,183.37,180.75,180.91,7472364
446,03-17-2023,1679063400,180.91,181.46,178.61,178.7,8772530
447,03-17-2023,1679064300,178.71,179.8,178.27,179.48,6721920
448,03-17-2023,1679065200,179.49,179.65,178.56,179.25,4651690
449,03-17-2023,1679066100,179.26,179.65,177.33,177.88,6049142
450,03-17-2023,1679067000,177.9,178.71,177.71,177.92,4493696
451,03-17-2023,1679067900,177.92,178.98,177.9,178.7,3637549
452,03-17-2023,1679068800,178.7,179.85,178.5,179.74,4170235
453,03-17-2023,1679069700,179.72,180.14,178.97,180.01,3661054
454,03-17-2023,1679070600,180.02,180.58,179.2,179.37,5037334
455,03-17-2023,1679071500,179.35,179.35,178.25,178.8,3434581
456,03-17-2023,1679072400,178.78,179.83,178.74,179.5,2589911
457,03-17-2023,1679073300,179.52,180.18,179.05,179.86,2404690
458,03-17-2023,1679074200,179.86,180.45,179.17,180.07,3145743
459,03-17-2023,1679075100,180.06,180.53,179.84,180.39,3063375
460,03-17-2023,1679076000,180.4,180.83,179.12,179.2,3538421
461,03-17-2023,1679076900,179.2,179.43,178.75,179.07,2829747
462,03-17-2023,1679077800,179.03,179.51,178.82,179.29,2795264
463,03-17-2023,1679078700,179.3,179.85,178.55,179.45,3473276
464,03-17-2023,1679079600,179.46,180.13,179.12,179.88,3796412
465,03-17-2023,1679080500,179.87,180.38,179.67,180.09,3002538
466,03-17-2023,1679081400,180.07,180.12,179.43,180.0,3163070
467,03-17-2023,1679082300,179.99,180.45,179.43,180.11,6317505
468,03-20-2023,1679319000,178.08,179.68,176.35,177.51,10373713
469,03-20-2023,1679319900,177.54,180.8,176.47,180.34,8409112
470,03-20-2023,1679320800,180.35,183.33,180.26,182.64,9491823
471,03-20-2023,1679321700,182.6,185.21,182.04,185.09,9312299
472,03-20-2023,1679322600,185.07,186.44,184.51,184.61,9283097
473,03-20-2023,1679323500,184.6,185.99,184.42,185.78,6203361
474,03-20-2023,1679324400,185.77,186.0,184.26,184.86,5317392
475,03-20-2023,1679325300,184.86,185.93,184.65,185.7,4766915
476,03-20-2023,1679326200,185.7,185.81,184.82,184.93,3583626
477,03-20-2023,1679327100,184.94,185.0,183.81,183.95,5151808
478,03-20-2023,1679328000,183.94,184.47,182.6,183.2,5190782
479,03-20-2023,1679328900,183.2,183.44,181.78,182.35,4974962
480,03-20-2023,1679329800,182.32,182.75,181.55,181.57,3740154
481,03-20-2023,1679330700,181.56,182.61,181.29,182.35,3782828
482,03-20-2023,1679331600,182.36,182.67,181.84,182.51,3426219
483,03-20-2023,1679332500,182.52,183.22,182.52,182.8,3400141
484,03-20-2023,1679333400,182.82,183.52,182.53,183.11,3143752
485,03-20-2023,1679334300,183.1,183.5,182.8,183.16,2261449
486,03-20-2023,1679335200,183.16,183.32,182.24,182.37,3050671
487,03-20-2023,1679336100,182.36,184.08,182.13,183.65,3686897
488,03-20-2023,1679337000,183.65,183.8,182.99,183.49,2842516
489,03-20-2023,1679337900,183.49,184.04,183.25,183.49,2616251
490,03-20-2023,1679338800,183.49,183.75,182.58,183.07,2983785
491,03-20-2023,1679339700,183.08,183.48,182.84,182.93,2631147
492,03-20-2023,1679340600,182.92,183.6,182.66,183.23,3081206
493,03-20-2023,1679341500,183.21,183.81,182.96,183.24,4577749
494,03-21-2023,1679405400,188.28,190.98,188.04,190.9,17717904
495,03-21-2023,1679406300,190.92,192.1,190.22,191.95,10906716
496,03-21-2023,1679407200,191.97,192.7,190.39,190.71,9420663
497,03-21-2023,1679408100,190.7,191.0,189.62,190.87,7570419
498,03-21-2023,1679409000,190.88,191.49,189.94,191.32,5747901
499,03-21-2023,1679409900,191.35,192.08,190.83,191.57,5273032
500,03-21-2023,1679410800,191.58,193.52,191.42,193.45,6437588
501,03-21-2023,1679411700,193.44,194.16,193.16,193.76,6443395
502,03-21-2023,1679412600,193.76,195.0,193.58,193.85,6387712
503,03-21-2023,1679413500,193.85,194.29,193.01,194.21,4606277
504,03-21-2023,1679414400,194.21,194.5,193.7,193.79,3496147
505,03-21-2023,1679415300,193.79,194.39,193.74,193.74,2918286
506,03-21-2023,1679416200,193.74,195.0,193.73,194.71,4078949
507,03-21-2023,1679417100,194.69,196.15,194.53,195.78,5708976
508,03-21-2023,1679418000,195.79,196.25,195.19,195.85,3778878
509,03-21-2023,1679418900,195.87,196.25,195.57,196.04,3060682
510,03-21-2023,1679419800,196.05,196.35,195.13,195.66,3731430
511,03-21-2023,1679420700,195.68,195.89,194.85,194.95,2840538
512,03-21-2023,1679421600,194.97,196.2,194.85,195.88,4819565
513,03-21-2023,1679422500,195.89,196.8,195.75,196.65,3839126
514,03-21-2023,1679423400,196.66,197.35,196.53,197.18,3844406
515,03-21-2023,1679424300,197.18,197.99,197.08,197.83,4369683
516,03-21-2023,1679425200,197.8,198.0,197.17,197.22,4572591
517,03-21-2023,1679426100,197.22,197.4,196.44,197.03,5089202
518,03-21-2023,1679427000,197.03,197.52,196.29,197.4,5407459
519,03-21-2023,1679427900,197.42,197.97,196.92,197.56,6912166
520,03-21-2023,1679428800,197.58,197.58,197.58,197.58,0
